{
	"led_order" : [0,1,2,3,4,5,6,7,8,9,10,11],
	
	"led_current": 15,
	
	"integration_time": 500,
	
	"gain": 2,
	
	"i_scale": [15,3,3,827,15,1,74,3,5,5,33,9],
	
	"auto_exposure_done": "2024-11-11T12:39:46.022Z",
	
	"integration_times": [295,259,259,2730,295,253,472,259,265,265,349,277],
	
	"gains": [8,8,8,32,8,8,16,8,8,8,16,16],
	
	"led_wl_nom": [394,445,490,558,592,640,700,750,800,849,890,950],
	
	"led_wl_real": [393, 443, 498, 558, 601, 637, 700, 747, 804, 850, 897, 955 ],
	
	"led_fwhm_real": [16, 20, 28, 26, 23, 17, 97, 25, 29, 38, 71, 38 ],
	
	"sensor_serial": 4343,
	
	"multi_calibration":[[[-0.025012118012407547,1.012119689037795,-0.0022150464392550152],[-0.031624351307880424,1.0194927102413021,-0.00419314793720284],[-0.013713818784211235,1.0051902172724458,-0.0012417485106950162],[-0.030748130669758456,1.0183531343572334,0.0064591320822013493],[-0.0047720319855267925,1.0000305533564309,-0.0010263601651368886],[0.010001447962686885,0.9909935646265069,-0.0016143783461408049],[0.010818664205757269,0.98820482113241981,-0.00097915209841804721],[0.0026264227613686827,0.9905492120157251,0.00021623477116594476],[-0.0028378633952634959,1.0022986695946892,-0.0040788808996889995],[-0.014962727041310957,1.0130971788520868,-0.0053147486095449087],[-0.0099344180477602458,1.009069318894241,-0.0043815870352190344],[-0.0337766133266791,1.0370681673870252,-0.0089649615700547018]]],

	"channel_mask":  [[1,0,0,0,0,0,0,0,0,1],[1,1,0,0,0,1,1,1,0,1],[0,0,1,1,0,0,0,0,0,1],[0,0,0,1,1,0,0,0,0,1],[0,0,0,0,1,1,0,0,0,1],[0,0,0,0,0,1,1,0,0,1],[0,0,0,0,0,0,1,1,0,1],[0,0,0,0,0,0,0,1,0,1],[0,0,0,0,0,0,0,0,1,1],[0,0,0,0,0,0,0,0,1,1],[0,0,0,0,0,0,0,0,1,1],[0,0,0,0,0,0,0,0,1,1]]
}