{
	"led_order" : [0,1,2,3,4,5,6,7,8,9,10,11],
	
	"led_current": 15,
	
	"integration_time": 500,
	
	"gain": 2,
	
	"i_scale": [10,5,5,739,28,4,135,4,4,4,44,13],
	
	"auto_exposure_done": "2024-11-11T12:39:46.022Z",
	
	"integration_times": [280,265,265,2458,334,262,654,262,262,262,382,289],
	
	"gains": [8,8,8,32,8,8,16,8,8,8,16,16],
	
	"led_wl_nom": [394,445,490,558,592,640,700,750,800,849,890,950],
	
	"led_wl_real": [395,449,499,560,602,637,700,747,807,850,895,953],
	
	"led_fwhm_real": [18,22,34,22,19,18,96,25,32,37,73,37],
	
	"sensor_serial": 3956,
	
	"multi_calibration":[[[-0.059865709943458592,1.03855841874626,0.000853081399251049],[-0.045706911046567454,1.0289977484546138,-0.0023055881856878105],[-0.03983778301485473,1.0263925843877773,-0.00049612050477048752],[-0.056006849354757221,1.0425571325077918,0.0078615624050749362],[-0.03870766025300041,1.0343715560079929,0.00071140403081340067],[-0.0033793432802282641,0.99894258771955835,-0.0010028324073172051],[-0.01130356406843162,1.0077484601120898,-0.000428124389762128],[0.0020789893115272461,0.99102974247121633,0.00038054574341026351],[0.001787098058910653,0.99307902784642943,-0.0013129373210073422],[-0.01671910533894452,1.0092133659106965,-0.00045622474470446273],[-0.043245515274220749,1.0394800105297213,-0.0026938058831771691],[-0.052226649575087734,1.0458322073393174,-0.0038231449875657068]]],

	"channel_mask":  [[1,0,0,0,0,0,0,0,0,1],[1,1,0,0,0,1,1,1,0,1],[0,0,1,1,0,0,0,0,0,1],[0,0,0,1,1,0,0,0,0,1],[0,0,0,0,1,1,0,0,0,1],[0,0,0,0,0,1,1,0,0,1],[0,0,0,0,0,0,1,1,0,1],[0,0,0,0,0,0,0,1,0,1],[0,0,0,0,0,0,0,0,1,1],[0,0,0,0,0,0,0,0,1,1],[0,0,0,0,0,0,0,0,1,1],[0,0,0,0,0,0,0,0,1,1]]
}
