{
	"led_current": 15,
	
	"integration_time": 500,
	
	"gain": 2,
	
	"i_scale": [316,11,9,12,417,13,63,56,23,18,42,14],
	
	"auto_exposure_done": "2024-11-18T14:01:23.482Z",
	
	"integration_times": [1198,283,277,286,1498,289,439,418,319,304,376,292],
	
	"gains": [8,8,8,8,8,8,8,8,8,8,8,8],
	
	"led_wl_nom": [394,445,451,517,573,589,591,615,632,849,867,946],
	
	"led_fwhm_nom": [15,22,22,30,16,20,20,15,18,37,19,54],
	
	"led_wl_real": [],
	
	"led_fwhm_real": [],
	
	"sensor_serial": 5476,
	
	"multi_calibration":[[[-0.096790819299697767,1.1485390730131586,-0.0060970505013268729],[-0.0537639908749133,1.0466842391606719,-0.0028725793659241591],[-0.036690436119751244,1.0329817179064305,-0.0022618431467045842],[-0.011133250939049617,1.0067749143418772,-0.00067096420956528886],[-0.033732598634476349,1.0440884767472178,-0.0008631521920190497],[-0.035509985215131268,1.0374742858935546,-0.0019128427277800017],[-0.048166130720881023,1.0491773662548953,-0.0014032138046388165],[-0.06211320620878491,1.0573776588718033,0.00013813884086807878],[-0.029254568802600134,1.022978237683043,0.0012567371492168665],[-0.03816875493492447,1.024035013843053,-0.0010552668898543627],[-0.049498957576278785,1.0356318171742369,0.00025764335214843389],[-0.031378633510541841,1.0200020314619336,-0.0018996004427213179]]],
	
	"channel_mask":  [[0,0,0,0,0,0,0,0,0,1],[0,1,0,0,0,1,1,1,0,1],[0,1,1,1,1,1,1,1,0,1],[0,0,1,1,1,0,0,0,0,1],[0,0,0,0,1,0,0,0,0,1],[0,0,0,1,1,1,1,0,0,1],[0,0,0,0,0,1,0,0,0,1],[0,0,0,0,0,1,0,0,0,1],[0,0,0,0,0,1,1,0,0,1],[0,0,0,0,0,0,0,0,1,1],[0,0,0,0,0,0,0,0,0,1],[0,0,0,0,0,0,0,0,1,0]],
	
	"note": "No real Peak and Fwhm available, nominal fwhm is average of all LED measures, 20 nm otherwise"
	
}

 