{
	"led_order" : [0,1,2,3,4,5,6,7,8,9,10,11],
	
	"led_current": 15,
	
	"integration_time": 500,
	
	"gain": 2,
	
	"i_scale": [205,15,9,12,349,10,70,88,36,27,94,80],
	
	"auto_exposure_done": "2024-11-18T14:15:58.705Z",
	
	"integration_times": [862,295,277,286,1290,280,460,514,358,331,532,490],
	
	"gains": [8,8,8,8,8,8,8,8,8,8,8,8],
	
	"led_wl_nom": [394,445,451,517,573,589,591,615,632,849,867,946],
	
	"led_fwhm_nom": [15,22,22,30,16,20,20,15,18,37,19,54],
	
	"led_wl_real": [],
	
	"led_fwhm_real": [],
	
	"sensor_serial": 5942,
	
	"multi_calibration":[[[-0.045398019086700075,1.0535951663864629,-0.0027775600453499539],[-0.031155430725107829,1.0322176980378621,-0.01023094822103545],[-0.038412365150458039,1.031000918300458,-0.0020015728017130333],[-0.023397180212719471,1.0182502000420277,0.0005404644576521866],[-0.051257138923142057,1.0553213759132432,0.00123689012594832],[-0.0061129673142185578,1.0127566318371464,-0.0086805793038171285],[-0.026528715153355968,1.0248050718813804,-5.5730278948389435E-5],[-0.024019624999021907,1.0181467465504088,0.0021012870818653403],[-0.018170935041872848,1.0170232517984836,-0.0030315857674259317],[-0.033214458131705815,1.0337093024219248,-0.0079897453976021052],[-0.052716182202160934,1.0471499635540598,-0.0024516873242240926],[-0.082213136733829753,1.084425804847029,-0.0075394801650659846]]],
	
	"channel_mask":  [[0,0,0,0,0,0,0,0,0,1],[0,1,0,0,0,1,1,1,0,1],[0,1,1,1,1,1,1,1,0,1],[0,0,1,1,1,0,0,0,0,1],[0,0,0,0,1,0,0,0,0,1],[0,0,0,1,1,1,1,0,0,1],[0,0,0,0,0,1,0,0,0,1],[0,0,0,0,0,1,0,0,0,1],[0,0,0,0,0,1,1,0,0,1],[0,0,0,0,0,0,0,0,1,1],[0,0,0,0,0,0,0,0,0,1],[0,0,0,0,0,0,0,0,1,0]],
	
	"note": "No real Peak and Fwhm available, nominal fwhm is average of all LED measures, 20 nm otherwise"
}

 