{
	"led_order" : [0,1,2,3,4,5,6,7,8,9,10,11],
	
	"led_current": 15,
	
	"integration_time": 500,
	
	"gain": 2,
	
	"i_scale": [19,5,5,730,27,3,105,5,7,9,61,19],
	
	"auto_exposure_done": "2024-11-12T12:19:40.365Z",
	
	"integration_times": [307,265,265,2426,331,259,564,265,271,277,433,307],
	
	"gains": [8,8,8,32,8,8,16,8,8,8,16,16],
	
	"led_wl_nom": [394,445,490,558,592,640,700,750,800,849,890,950],
	
	"led_wl_real": [395,444,498,560,602,637,700,747,805,851,896,948],
	
	"led_fwhm_real": [17,21,33,23,20,20,99,25,29,38,72,26],
	
	"sensor_serial": 6654,
	
	"multi_calibration":[[[-0.021322781935824479,1.0108241526870427,-0.0013340021773023947],[-0.03808991902207666,1.0232357191787051,-0.0010819645389103659],[-0.018457287533982483,1.0052356147998778,0.0012625900190413261],[-0.018021372829523017,1.0066711463024183,0.0057048345754831956],[-0.00968823409806325,1.0029047469305552,0.0013329180268910369],[0.00903465632864909,0.98441089088720257,-0.00011186127190465049],[0.0080806488451368331,0.98871843377281277,-0.001146375465162472],[0.0013946758075223304,0.99631428465762306,-0.0027246336217631607],[-0.0019526238764603363,1.0058598160354359,-0.006587841164082989],[0.0057773444665463755,0.9992017348757809,-0.011872663815583608],[-0.020763628897881768,1.015815516462387,-0.0037896410807084315],[-0.033920101449332919,1.0332038089373721,-0.0083553159526155128]]],
	
	"channel_mask":  [[1,0,0,0,0,0,0,0,0,1],[1,1,0,0,0,1,1,1,0,1],[0,0,1,1,0,0,0,0,0,1],[0,0,0,1,1,0,0,0,0,1],[0,0,0,0,1,1,0,0,0,1],[0,0,0,0,0,1,1,0,0,1],[0,0,0,0,0,0,1,1,0,1],[0,0,0,0,0,0,0,1,0,1],[0,0,0,0,0,0,0,0,1,1],[0,0,0,0,0,0,0,0,1,1],[0,0,0,0,0,0,0,0,1,1],[0,0,0,0,0,0,0,0,1,1]]
}

 