{
	"led_order" : [0,1,2,3,4,5,6,7,8,9,10,11],
	
	"led_current": 20,
	
	"supported_led_currents": {"min":20,"max":60,"step":1},
	
	"integration_time": 500,
	
	"gain": 1,
	
	"i_scale": [67,32,15,27,22,15,9,553,31,135,43,45],
	
	"auto_exposure_done": "2025-09-04T15:23:12.521Z",
	
	"integration_times": [402,192,120,162,132,90,54,3312,186,808,258,270],
	
	"led_currents": [40,40,20,20,20,40,20,20,20,20,20,20],
	
	"gains": [8,8,4,4,4,8,4,4,2,2,2,4],
	
	"led_wl_nom": [394,445,459,490,517,590,680,700,750,770,800,850],
	
	"led_wl_real": [394,446,459,493,517,593,684,699,748,773,802,851],
	
	"led_fwhm_real": [17,24,25,30,30,106,24,96,23,31,28,37],
	
	"sensor_serial": 4536,
	
	"multi_calibration": [[[-0.035179869778508281,1.01225335124059,-0.0020776743368736018],[-0.042348151996231674,1.027184168609754,-0.0036256025496698317],[-0.057728692749142045,1.0444920745428758,0.00014861698150789104],[-0.045014907841335869,1.0304971984146278,0.00093441609798338484],[0.01293730282583533,0.99348551502951887,-0.0094464797154436252],[-0.017558654020561379,1.0165111789108106,-0.0034300216143113263],[0.0054212087385822651,1.0012804134675413,-0.0041517803780801851],[-0.0015281771388930829,1.0267364964689496,-0.0061432096561613485],[0.023919651973913384,0.99399822372792457,-0.009186157785074766],[0.037897912636258926,0.98676406141841577,-0.020741628574186828],[-0.037413142136973436,1.0384855224820224,-0.0042962264854278466],[-0.077376756573845643,1.0672889283383626,-0.00069533602736237437]]],

	"channel_mask": [[1,0,0,0,0,0,0,0,0,1],[0,1,0,0,0,0,0,0,0,0],[0,1,0,0,0,0,0,0,0,1],[0,0,1,0,0,0,0,0,0,1],[0,0,0,1,0,0,0,0,0,1],[0,0,0,0,1,1,1,0,0,0],[0,0,0,0,0,0,0,1,0,1],[0,0,0,0,0,0,0,1,0,0],[0,0,0,0,0,0,0,0,0,1],[0,0,0,0,0,0,0,0,0,1],[0,0,0,0,0,0,0,0,0,1],[0,0,0,0,0,0,0,0,0,1]]
}