{
	"led_order" : [0,1,2,3,4,5,6,7,8,9,10,11],
	
	"led_current": 20,
	
	"supported_led_currents": {"min":20,"max":60,"step":1},
	
	"integration_time": 500,
	
	"gain": 1,
	
	"i_scale": [196,20,14,20,20,14,7,501,31,104,33,34],
	
	"auto_exposure_done": "2025-09-04T13:02:45.078Z",
	
	"integration_times": [1176,150,84,120,120,84,72,2992,186,624,198,204],
	
	"led_currents": [20,40,20,20,20,40,20,20,20,20,20,20],
	
	"gains": [8,8,4,4,4,8,4,4,2,2,2,4],
	
	"led_wl_nom": [394,445,459,490,517,590,680,700,750,770,800,850],
	
	"led_wl_real": [393,447,458,495,517,595,684,699,750,772,802,851],
	
	"led_fwhm_real": [15,22,25,31,30,106,24,96,24,31,28,37],
	
	"sensor_serial": 195,
	
	"multi_calibration": [[[-0.0045894676554912054,0.98525015555135964,-0.0044829814632543624],[-0.020129437780899293,1.0131312776523562,-0.00586967373450465],[0.0090385899362385464,0.98469095253813244,-0.001574142879432896],[0.02600826793893193,0.96548554743238413,0.0017866791604793468],[0.033914232524455641,0.96933477080590291,-0.0055805912215634032],[0.020789589983766073,0.98182915635135992,-0.0038500945917505735],[-0.011313583963231117,1.0163695716318606,-0.0039483899440221557],[-0.04503101565851652,1.067336443699916,-0.005531407864911052],[-0.047109415177028248,1.0534628896394869,-0.010690107643264954],[-0.022504904818627956,1.040866649444786,-0.023415562533490423],[-0.076791733091567838,1.0764161569453627,-0.0069567403269626456],[-0.0968329005368299,1.08914236026093,-0.0024994971988826606]]],

	"channel_mask": [[1,0,0,0,0,0,0,0,0,1],[0,1,0,0,0,0,0,0,0,0],[0,1,0,0,0,0,0,0,0,1],[0,0,1,0,0,0,0,0,0,1],[0,0,0,1,0,0,0,0,0,1],[0,0,0,0,1,1,1,0,0,0],[0,0,0,0,0,0,0,1,0,1],[0,0,0,0,0,0,0,1,0,0],[0,0,0,0,0,0,0,0,0,1],[0,0,0,0,0,0,0,0,0,1],[0,0,0,0,0,0,0,0,0,1],[0,0,0,0,0,0,0,0,0,1]]
}