{
	"led_order" : [0,1,2,3,4,5,6,7,8,9,10,11],
	
	"led_current": 20,
	
	"supported_led_currents": {"min":20,"max":60,"step":1},
	
	"integration_time": 500,
	
	"gain": 1,
	
	"i_scale": [117,27,11,28,15,15,8,533,26,132,40,43],
	
	"auto_exposure_done": "2025-09-04T13:45:57.765Z",
	
	"integration_times": [700,192,66,168,90,90,78,3184,156,792,240,258],
	
	"led_currents": [20,40,20,20,20,40,20,20,20,20,20,20],
	
	"gains": [8,8,4,4,4,8,4,4,2,2,2,4],
	
	"led_wl_nom": [394,445,459,490,517,590,680,700,750,770,800,850],
	
	"led_wl_real": [394,447,458,494,517,592,684,699,753,774,809,851],
	
	"led_fwhm_real": [13,22,21,31,30,103,24,97,26,30,31,37],
	
	"sensor_wl": [415,445,480,515,555,590,630,680,910,0],
	
	"sensor_fwhm_nom": [26,30,36,39,39,40,50,52,null,null],
	
	"channel_wl_real": [394,447,458,494,517,555,590,630,684,699,753,774,809,851],
	
	"channel_fwhm_real": [13,22,21,31,30,39,40,50,24,97,26,30,31,37],
	
	"sensor_serial": 6395,
	
	"multi_calibration": [[[-0.021327562,1.0019168166,-0.0030010575],[-0.016241376,1.0068604905,-0.0046121952],[0.0005427541,0.9914130139,-0.0004889465],[0.0113938903,0.9838835467,-0.0037442854],[0.0093701821,0.9937933814,-0.0066193503],[0.001853129,1.0000005432,-0.0053148255],[0.0059103653,0.998786199,-0.0069623373],[0.0061728692,0.9985211845,-0.0077518656],[-0.0170792293,1.0189467015,-0.0055727324],[-0.0541072051,1.0780174023,-0.0087259965],[-0.0618879607,1.0630779537,-0.0026429104],[-0.0228471096,1.0407468593,-0.0188691545],[-0.0756609813,1.0720857825,-0.0029997386],[-0.0801484538,1.0714661647,-0.0012070169]]],

	"channel_mask": [[1,0,0,0,0,0,0,0,0,1],[0,1,0,0,0,0,0,0,0,0],[0,1,0,0,0,0,0,0,0,1],[0,0,1,0,0,0,0,0,0,1],[0,0,0,1,0,0,0,0,0,1],[0,0,0,0,2,3,4,0,0,0],[0,0,0,0,0,0,0,1,0,1],[0,0,0,0,0,0,0,1,0,0],[0,0,0,0,0,0,0,0,0,1],[0,0,0,0,0,0,0,0,0,1],[0,0,0,0,0,0,0,0,0,1],[0,0,0,0,0,0,0,0,0,1]],
	
	"valid_vi": ["ARI","ARI2","BGI1","BGI2","BRI1","BRI2","CAR","CARgreen","CARrededge","CCI","CI","CRI1","CRI2","Ctr2","Ctr3","Ctr4","Datt2","Datt3","Datt4","Datt5","Datt6","DI","DRIpri","DVI","DWSI4","EVI","EVI2","FR","FR2","GCIa","GCIb","GI","GLI","GM1","GM2","GNDVI.800.550.","GR","GRVI","LCI","Lic1","Lic2","Lic3","MCARI.OSAVI750","MCARI1","MCARI2","MCARI705","MCARI710","MGRVI","mNDI","MSAVI","MSAVI1","mSRI1","mSRI2","MSRNir.Red","MTCI","MTVI","MTVI.MSAVI","MTVI2","NBNDVI","NDI","NDRE","NDVI","NDVI1.760..708.","NDVI2.800..600.","NDVI3.780..550.","NDVI4.800..700.","NDVIg","NGRDI","NVI1","OSAVI","PMI","PRI","PRI570","PRIm2","PRIm3","PRIm4","PSND.800..635.","PSNDa1","PSNDc1","PSRI","PSSRa","PSSRa1","PSSRb","PSSRb1","PSSRc1","R.M","R675.700.650","RARS","RDVI","reNDVI","RGI","RGR1","RGR2","RVI","RVI1","RVI2","SAVI","SBRI","SIPI1","SIPI2","SR.520.670.","SR.520.760.","SR.542.750.","SR.550.670.","SR.550.760.","SR.550.800.","SR.556.750.","SR.560.658.","SR.570.670.","SR.605.670.","SR.672.550.708.","SR.672.708.","SR.674.553.","SR.675.555.","SR.675.700.","SR.675.705.","SR.678.750.","SR.683.510.","SR.685.735.","SR.694.840.","SR.695.800.","SR.700.","SR.706.750.","SR.750.705.","SR.752.690.","SR.760.695.","SR.774.677.","SR.800.550.","SR.800.600.","SR.801.550.","SR.810.560.","SR.833.658.","SR.860.550.","SR.860.708.","TGI1","TGI2","TVI2","TVI1","VARI","VARIgreen","VIopt1","VIopt2","WDRVIa","WDRVIb","WDRVIc"]
}