{
	"led_order" : [0,1,2,3,4,5,6,7,8,9,10,11],
	
	"led_current": 20,
	
	"supported_led_currents": {"min":20,"max":60,"step":1},
	
	"integration_time": 500,
	
	"gain": 1,
	
	"i_scale": [117,27,11,28,15,15,8,533,26,132,40,43],
	
	"auto_exposure_done": "2025-09-04T13:45:57.765Z",
	
	"integration_times": [700,192,66,168,90,90,78,3184,156,792,240,258],
	
	"led_currents": [20,40,20,20,20,40,20,20,20,20,20,20],
	
	"gains": [8,8,4,4,4,8,4,4,2,2,2,4],
	
	"led_wl_nom": [394,445,459,490,517,590,680,700,750,770,800,850],
	
	"led_wl_real": [394,447,458,494,517,592,684,699,753,774,809,851],
	
	"led_fwhm_real": [13,22,21,31,30,103,24,97,26,30,31,37],
	
	"sensor_serial": 6395,
	
	"multi_calibration": [[[-0.021327562034856144,1.0019168165787846,-0.003001057472172248],[-0.01624137603296524,1.0068604905229941,-0.0046121952149660011],[0.00054275414727510954,0.99141301392575942,-0.00048894652610220149],[0.011393890328232329,0.98388354669236866,-0.0037442854359702668],[0.0093701820859672415,0.99379338138744011,-0.0066193502612543476],[0.0051309514210950294,0.99894112500422294,-0.0066352348625623881],[-0.017079229260908095,1.0189467014714078,-0.0055727324368196485],[-0.054107205108197755,1.0780174022721114,-0.0087259964862463832],[-0.061887960711755237,1.0630779537472013,-0.0026429104100497178],[-0.022847109626175092,1.0407468592511866,-0.01886915451630446],[-0.075660981335485142,1.0720857825237415,-0.0029997386134609696],[-0.08014845375370587,1.0714661646659283,-0.0012070169126105193]]],

	"channel_mask": [[1,0,0,0,0,0,0,0,0,1],[0,1,0,0,0,0,0,0,0,0],[0,1,0,0,0,0,0,0,0,1],[0,0,1,0,0,0,0,0,0,1],[0,0,0,1,0,0,0,0,0,1],[0,0,0,0,1,1,1,0,0,0],[0,0,0,0,0,0,0,1,0,1],[0,0,0,0,0,0,0,1,0,0],[0,0,0,0,0,0,0,0,0,1],[0,0,0,0,0,0,0,0,0,1],[0,0,0,0,0,0,0,0,0,1],[0,0,0,0,0,0,0,0,0,1]]
}