{
	"led_order" : [0,1,2,3,4,5,6,7,8,9,10,11],
	
	"led_current": 20,
	
	"supported_led_currents": {"min":20,"max":60,"step":1},
	
	"integration_time": 500,
	
	"gain": 1,
	
	"i_scale": [106,19,10,25,24,16,8,527,40,127,50,44],
	
	"auto_exposure_done": "2025-09-03T09:53:16.726Z",
	
	"integration_times": [636,144,60,150,144,96,78,3152,240,760,300,264],
	
	"led_currents": [20,40,20,20,20,40,20,20,20,20,20,20],
	
	"gains": [8,8,4,4,4,8,4,4,2,2,2,4],
	
	"led_wl_nom": [394,445,459,490,517,590,680,700,750,770,800,850],
	
	"led_wl_real": [394,446,458,494,517,593,684,699,753,773,803,851],
	
	"led_fwhm_real": [18,23,24,32,30,106,24,95,24,31,29,36],
	
	"sensor_wl": [415,445,480,515,555,590,630,680,910,0],
	
	"sensor_fwhm_nom": [26,30,36,39,39,40,50,52,null,null],

	"channel_wl_real": [394,446,458,494,517,555,590,630,684,699,753,773,803,851],
	
	"channel_fwhm_real": [18,23,24,32,30,39,40,50,24,95,24,31,29,36],
	
	"sensor_serial": 6565,
	
	"multi_calibration": [[[0.0051033212,0.9582091989,0.0003084401],[-0.0068365447,0.9962213231,-0.0067702014],[-0.029762285,1.0159690167,0.0006337724],[-0.0155476505,0.995397331,0.0001544724],[-0.0136216786,1.0146099548,-0.0062585304],[-0.0112363378,1.0088058199,-0.0045369766],[-0.0052604134,1.0064206126,-0.0059806896],[-0.0060819814,1.0073711151,-0.0063420552],[0.0223933365,0.9965110728,-0.0111754485],[-0.0398769002,1.068471959,-0.0118568658],[-0.0296781643,1.0373201813,-0.0064061615],[0.0137002834,1.0061893467,-0.0197074019],[-0.0567093638,1.0578909397,-0.0092396946],[-0.0565869144,1.0493199144,-0.0004284214]]],
	
	"channel_mask": [[1,0,0,0,0,0,0,0,0,1],[0,1,0,0,0,0,0,0,0,0],[0,1,0,0,0,0,0,0,0,1],[0,0,1,0,0,0,0,0,0,1],[0,0,0,1,0,0,0,0,0,1],[0,0,0,0,2,3,4,0,0,0],[0,0,0,0,0,0,0,1,0,1],[0,0,0,0,0,0,0,1,0,0],[0,0,0,0,0,0,0,0,0,1],[0,0,0,0,0,0,0,0,0,1],[0,0,0,0,0,0,0,0,0,1],[0,0,0,0,0,0,0,0,0,1]],
	
	"valid_vi": ["ARI","ARI2","BGI1","BGI2","BRI1","BRI2","CAR","CARgreen","CARrededge","CCI","CI","CRI1","CRI2","Ctr2","Ctr3","Ctr4","Datt2","Datt3","Datt4","Datt5","Datt6","DI","DRIpri","DVI","DWSI4","EVI","EVI2","FR","FR2","GCIa","GCIb","GI","GLI","GM1","GM2","GNDVI.800.550.","GR","GRVI","LCI","Lic1","Lic2","Lic3","MCARI.OSAVI750","MCARI1","MCARI2","MCARI705","MCARI710","MGRVI","mNDI","MSAVI","MSAVI1","mSRI1","mSRI2","MSRNir.Red","MTCI","MTVI","MTVI.MSAVI","MTVI2","NBNDVI","NDI","NDRE","NDVI","NDVI1.760..708.","NDVI2.800..600.","NDVI3.780..550.","NDVI4.800..700.","NDVIg","NGRDI","NVI1","OSAVI","PMI","PRI","PRI570","PRIm2","PRIm3","PRIm4","PSND.800..635.","PSNDa1","PSNDc1","PSRI","PSSRa","PSSRa1","PSSRb","PSSRb1","PSSRc1","R.M","R675.700.650","RARS","RDVI","reNDVI","RGI","RGR1","RGR2","RVI","RVI1","RVI2","SAVI","SBRI","SIPI1","SIPI2","SR.520.670.","SR.520.760.","SR.542.750.","SR.550.670.","SR.550.760.","SR.550.800.","SR.556.750.","SR.560.658.","SR.570.670.","SR.605.670.","SR.672.550.708.","SR.672.708.","SR.674.553.","SR.675.555.","SR.675.700.","SR.675.705.","SR.678.750.","SR.683.510.","SR.685.735.","SR.694.840.","SR.695.800.","SR.700.","SR.706.750.","SR.750.705.","SR.752.690.","SR.760.695.","SR.774.677.","SR.800.550.","SR.800.600.","SR.801.550.","SR.810.560.","SR.833.658.","SR.860.550.","SR.860.708.","TGI1","TGI2","TVI2","TVI1","VARI","VARIgreen","VIopt1","VIopt2","WDRVIa","WDRVIb","WDRVIc"]
}