{
	"led_order" : [0,1,2,3,4,5,6,7,8,9,10,11],
	
	"led_current": 20,
	
	"supported_led_currents": {"min":20,"max":60,"step":1},
	
	"integration_time": 500,
	
	"gain": 1,
	
	"i_scale": [11,4,5,718,25,3,166,3,4,3,39,12],
	
	"auto_exposure_done": "2025-09-03T09:53:16.726Z",
	
	"integration_times": [283,262,265,2444,325,109,1348,150,112,109,587,386],
	
	"led_currents": [20,20,20,20,20,20,20,20,20,20,20,20],
	
	"gains": [8,8,8,32,8,8,16,8,8,8,8,8],
	
	"led_wl_nom": [394,445,490,558,592,640,700,750,800,849,890,950],
	
	"led_wl_real": [395,449,499,560,602,637,700,747,807,850,895,953],
	
	"led_fwhm_real": [18,22,34,22,19,18,96,25,32,37,73,37],
	
	"sensor_serial": 3956,
	
	"multi_calibration": [[[0.0095969325589583369,0.97091730049313318,0.0017224419486519377],[0.0012031673261604528,0.99733322758663567,-0.0056748138103902722],[-0.0013724181428254605,0.99022503499805592,0.000590112666644035],[-0.048455655934196457,1.0419785075554877,0.0020021884473117252],[-0.050405166532046124,1.0499519108343875,-0.00090927678541932288],[-0.021153388248377824,1.024289353405474,-0.0075662672206406861],[-0.073073276925690989,1.0785673996614826,-0.0039725972194607131],[-0.040718695777874105,1.0419024780003316,-0.0032949731450892714],[-0.041732483616954238,1.044196577064614,-0.0024642920565895255],[-0.0516100421096165,1.0507205375546433,-0.00099872231924385364],[-0.0268560338112268,1.0288634171306204,-0.0038456856079093506],[-0.0011082673575804824,1.0042184025643877,-0.00942635100351785]]],

	"channel_mask": [[1,0,0,0,0,0,0,0,0,1],[0,1,0,0,0,0,0,0,0,0],[0,0,1,1,0,0,0,0,0,1],[0,0,0,0,1,0,0,0,0,1],[0,0,0,0,0,1,0,0,0,1],[0,0,0,0,0,0,1,0,0,1],[0,0,0,0,0,0,0,1,0,0],[0,0,0,0,0,0,0,0,0,1],[0,0,0,0,0,0,0,0,0,1],[0,0,0,0,0,0,0,0,0,1],[0,0,0,0,0,0,0,0,1,1],[0,0,0,0,0,0,0,0,1,1]]
}