{
	"led_order" : [0,1,2,3,4,5,6,7,8,9,10,11],
	
	"led_current": 20,
	
	"supported_led_currents": {"min":20,"max":60,"step":1},
	
	"integration_time": 500,
	
	"gain": 1,
	
	"i_scale": [67,32,15,27,22,15,9,553,31,135,43,45],
	
	"auto_exposure_done": "2025-09-04T15:23:12.521Z",
	
	"integration_times": [402,192,120,162,132,90,54,3312,186,808,258,270],
	
	"led_currents": [40,40,20,20,20,40,20,20,20,20,20,20],
	
	"gains": [8,8,4,4,4,8,4,4,2,2,2,4],
	
	"led_wl_nom": [394,445,459,490,517,590,680,700,750,770,800,850],
	
	"led_wl_real": [394,446,459,493,517,593,684,699,748,773,802,851],
	
	"led_fwhm_real": [17,24,25,30,30,106,24,96,23,31,28,37],
	
	"sensor_wl": [415,445,480,515,555,590,630,680,910,0],
	
	"sensor_fwhm_nom": [26,30,36,39,39,40,50,52,null,null],

	"channel_wl_real": [394,446,459,493,517,555,590,630,684,699,748,773,802,851],
	
	"channel_fwhm_real": [17,24,25,30,30,39,40,50,24,96,23,31,28,37],
	
	"sensor_serial": 4536,
	
	"multi_calibration": [[[-0.0351798698,1.0122533512,-0.0020776743],[-0.042348152,1.0271841686,-0.0036256025],[-0.0577286927,1.0444920745,0.000148617],[-0.0450149078,1.0304971984,0.0009344161],[0.0129373028,0.993485515,-0.0094464797],[-0.0184159128,1.0156463939,-0.0023668645],[-0.0167483722,1.016347298,-0.0036782263],[-0.0190379964,1.0181025944,-0.0043807709],[0.0054212087,1.0012804135,-0.0041517804],[-0.0015281771,1.0267364965,-0.0061432097],[0.023919652,0.9939982237,-0.0091861578],[0.0378979126,0.9867640614,-0.0207416286],[-0.0374131421,1.0384855225,-0.0042962265],[-0.0773767566,1.0672889283,-0.000695336]]],
	  
	"channel_mask": [[1,0,0,0,0,0,0,0,0,1],[0,1,0,0,0,0,0,0,0,0],[0,1,0,0,0,0,0,0,0,1],[0,0,1,0,0,0,0,0,0,1],[0,0,0,1,0,0,0,0,0,1],[0,0,0,0,2,3,4,0,0,0],[0,0,0,0,0,0,0,1,0,1],[0,0,0,0,0,0,0,1,0,0],[0,0,0,0,0,0,0,0,0,1],[0,0,0,0,0,0,0,0,0,1],[0,0,0,0,0,0,0,0,0,1],[0,0,0,0,0,0,0,0,0,1]],
	
	"valid_vi": ["ARI","ARI2","BGI1","BGI2","BRI1","BRI2","CAR","CARgreen","CARrededge","CCI","CI","CRI1","CRI2","Ctr2","Ctr3","Ctr4","Datt2","Datt3","Datt4","Datt5","Datt6","DI","DRIpri","DVI","DWSI4","EVI","EVI2","FR","FR2","GCIa","GCIb","GI","GLI","GM1","GM2","GNDVI[800,550]","GR","GRVI","LCI","Lic1","Lic2","Lic3","MCARI/OSAVI750","MCARI1","MCARI2","MCARI705","MCARI710","MGRVI","mNDI","MSAVI","MSAVI1","mSRI1","mSRI2","MSRNir/Red","MTCI","MTVI","MTVI/MSAVI","MTVI2","NBNDVI","NDI","NDRE","NDVI","NDVI1[760,708]","NDVI2[800,600]","NDVI3[780,550]","NDVI4[800,700]","NDVIg","NGRDI","NVI1","OSAVI","PMI","PRI","PRI570","PRIm2","PRIm3","PRIm4","PSND[800,635]","PSNDa1","PSNDc1","PSRI","PSSRa","PSSRa1","PSSRb","PSSRb1","PSSRc1","R-M","R675/700/650","RARS","RDVI","reNDVI","RGI","RGR1","RGR2","RVI","RVI1","RVI2","SAVI","SBRI","SIPI1","SIPI2","SR[520,670]","SR[520,760]","SR[542,750]","SR[550,670]","SR[550,760]","SR[550,800]","SR[556,750]","SR[560,658]","SR[570,670]","SR[605,670]","SR[672,550,708]","SR[672,708]","SR[674,553]","SR[675,555]","SR[675,700]","SR[675,705]","SR[678,750]","SR[683,510]","SR[685,735]","SR[694,840]","SR[695,800]","SR[700]","SR[706,750]","SR[750,705]","SR[752,690]","SR[760,695]","SR[774,677]","SR[800,550]","SR[800,600]","SR[801,550]","SR[810,560]","SR[833,658]","SR[860,550]","SR[860,708]","TGI1","TGI2","TVI2","TVI1","VARI","VARIgreen","VIopt1","VIopt2","WDRVIa","WDRVIb","WDRVIc"]
}