{
	"led_order" : [0,1,2,3,4,5,6,7,8,9,10,11],
	
	"led_current": 20,
	
	"supported_led_currents": {"min":20,"max":60,"step":1},
	
	"integration_time": 500,
	
	"gain": 1,
	
	"i_scale": [79,24,12,24,21,14,8,578,28,124,28,52],
	
	"auto_exposure_done": "2025-09-04T14:59:31.108Z",
	
	"integration_times": [604,204,122,194,126,134,98,3456,168,744,168,312],
	
	"led_currents": [20,40,20,20,20,40,20,20,20,20,20,20],
	
	"gains": [8,8,4,4,4,8,4,8,2,2,2,4],
	
	"led_wl_nom": [394,445,459,490,517,590,680,700,750,770,800,850],
	
	"led_wl_real": [394,447,458,494,517,594,684,699,752,773,809,851],
	
	"led_fwhm_real": [15,22,22,32,31,103,24,96,24,30,31,37],
	
	"sensor_serial": 8330,
	
	"multi_calibration": [[[-0.034739105380950992,1.0054506312278746,-0.0020048885734124957],[-0.023064101995008222,1.0197556449553302,-0.0075534964677187368],[-0.0080253766571030654,1.0035316521681441,-0.00486879847525251],[0.0025440116546493023,0.98780414834597363,0.0012691284320385809],[0.0089691146822441954,0.99808131520683685,-0.0051703443233445771],[-0.0043209336149335874,1.0022094885900141,-0.0023149886118494639],[-0.012706138605507808,1.0191317601908485,-0.0083883379517777322],[-0.036941612828102557,1.0559752242117826,-0.0073669861010539307],[-0.043902940122319836,1.0445003328748388,-0.0049197009306309681],[-0.03966586423311564,1.0454613988369361,-0.012466433631236279],[-0.071692664803367209,1.0687174066185905,-0.0027055510552138626],[-0.084052721844507183,1.0787437500066361,-0.0032194626179737691]]],

	"channel_mask": [[1,0,0,0,0,0,0,0,0,1],[0,1,0,0,0,0,0,0,0,0],[0,1,0,0,0,0,0,0,0,1],[0,0,1,0,0,0,0,0,0,1],[0,0,0,1,0,0,0,0,0,1],[0,0,0,0,1,1,1,0,0,0],[0,0,0,0,0,0,0,1,0,1],[0,0,0,0,0,0,0,1,0,0],[0,0,0,0,0,0,0,0,0,1],[0,0,0,0,0,0,0,0,0,1],[0,0,0,0,0,0,0,0,0,1],[0,0,0,0,0,0,0,0,0,1]]
}