{
	"led_order" : [0,1,2,3,4,5,6,7,8,9,10,11],
	
	"led_current": 20,
	
	"supported_led_currents": {"min":20,"max":60,"step":1},
	
	"integration_time": 500,
	
	"gain": 1,
	
	"i_scale": [196,20,14,20,20,14,7,501,31,104,33,34],
	
	"auto_exposure_done": "2025-09-04T13:02:45.078Z",
	
	"integration_times": [1176,150,84,120,120,84,72,2992,186,624,198,204],
	
	"led_currents": [20,40,20,20,20,40,20,20,20,20,20,20],
	
	"gains": [8,8,4,4,4,8,4,4,2,2,2,4],
	
	"led_wl_nom": [394,445,459,490,517,590,680,700,750,770,800,850],
	
	"led_wl_real": [393,447,458,495,517,595,684,699,750,772,802,851],
	
	"led_fwhm_real": [15,22,25,31,30,106,24,96,24,31,28,37],
	
	"sensor_wl": [415,445,480,515,555,590,630,680,910,0],
	
	"sensor_fwhm_nom": [26,30,36,39,39,40,50,52,null,null],

	"channel_wl_real": [393,447,458,495,517,555,590,630,684,699,750,772,802,851],
	
	"channel_fwhm_real": [15,22,25,31,30,39,40,50,24,96,24,31,28,37],
	
	"sensor_serial": 195,
	
	"multi_calibration": [[[-0.0045894677,0.9852501556,-0.0044829815],[-0.0201294378,1.0131312777,-0.0058696737],[0.0090385899,0.9846909525,-0.0015741429],[0.0260082679,0.9654855474,0.0017866792],[0.0339142325,0.9693347708,-0.0055805912],[0.0176765293,0.9830676492,-0.0027998395],[0.0236018174,0.9798267364,-0.0043092714],[0.0195045517,0.9832071916,-0.004577993],[-0.011313584,1.0163695716,-0.0039483899],[-0.0450310157,1.0673364437,-0.0055314079],[-0.0471094152,1.0534628896,-0.0106901076],[-0.0225049048,1.0408666494,-0.0234155625],[-0.0767917331,1.0764161569,-0.0069567403],[-0.0968329005,1.0891423603,-0.0024994972]]],

	"channel_mask": [[1,0,0,0,0,0,0,0,0,1],[0,1,0,0,0,0,0,0,0,0],[0,1,0,0,0,0,0,0,0,1],[0,0,1,0,0,0,0,0,0,1],[0,0,0,1,0,0,0,0,0,1],[0,0,0,0,2,3,4,0,0,0],[0,0,0,0,0,0,0,1,0,1],[0,0,0,0,0,0,0,1,0,0],[0,0,0,0,0,0,0,0,0,1],[0,0,0,0,0,0,0,0,0,1],[0,0,0,0,0,0,0,0,0,1],[0,0,0,0,0,0,0,0,0,1]],

	"valid_vi": ["ARI","ARI2","BGI1","BGI2","BRI1","BRI2","CAR","CARgreen","CARrededge","CCI","CI","CRI1","CRI2","Ctr2","Ctr3","Ctr4","Datt2","Datt3","Datt4","Datt5","Datt6","DI","DRIpri","DVI","DWSI4","EVI","EVI2","FR","FR2","GCIa","GCIb","GI","GLI","GM1","GM2","GNDVI[800,550]","GR","GRVI","LCI","Lic1","Lic2","Lic3","MCARI/OSAVI750","MCARI1","MCARI2","MCARI705","MCARI710","MGRVI","mNDI","MSAVI","MSAVI1","mSRI1","mSRI2","MSRNir/Red","MTCI","MTVI","MTVI/MSAVI","MTVI2","NBNDVI","NDI","NDRE","NDVI","NDVI1[760,708]","NDVI2[800,600]","NDVI3[780,550]","NDVI4[800,700]","NDVIg","NGRDI","NVI1","OSAVI","PMI","PRI","PRI570","PRIm2","PRIm3","PRIm4","PSND[800,635]","PSNDa1","PSNDc1","PSRI","PSSRa","PSSRa1","PSSRb","PSSRb1","PSSRc1","R-M","R675/700/650","RARS","RDVI","reNDVI","RGI","RGR1","RGR2","RVI","RVI1","RVI2","SAVI","SBRI","SIPI1","SIPI2","SR[520,670]","SR[520,760]","SR[542,750]","SR[550,670]","SR[550,760]","SR[550,800]","SR[556,750]","SR[560,658]","SR[570,670]","SR[605,670]","SR[672,550,708]","SR[672,708]","SR[674,553]","SR[675,555]","SR[675,700]","SR[675,705]","SR[678,750]","SR[683,510]","SR[685,735]","SR[694,840]","SR[695,800]","SR[700]","SR[706,750]","SR[750,705]","SR[752,690]","SR[760,695]","SR[774,677]","SR[800,550]","SR[800,600]","SR[801,550]","SR[810,560]","SR[833,658]","SR[860,550]","SR[860,708]","TGI1","TGI2","TVI2","TVI1","VARI","VARIgreen","VIopt1","VIopt2","WDRVIa","WDRVIb","WDRVIc"]
}