{
	"led_order" : [0,1,2,3,4,5,6,7,8,9,10,11],
	
	"led_current": 20,
	
	"supported_led_currents": {"min":20,"max":60,"step":1},
	
	"integration_time": 500,
	
	"gain": 1,
	
	"i_scale": [13,3,3,825,15,1,87,2,4,5,27,9],
	
	"auto_exposure_done": "2025-08-11T11:42:29.633Z",
	
	"integration_times": [289,259,259,2714,295,100,760,156,262,265,381,277],
	
	"led_currents": [30,20,20,40,40,20,40,20,20,20,40,40],
	
	"gains": [8,8,8,32,8,8,16,8,8,8,8,8],
	
	"led_wl_nom": [394,445,490,558,592,640,700,750,800,849,890,950],
	
	"led_wl_real": [393, 443, 498, 558, 601, 637, 700, 747, 804, 850, 897, 955 ],
	
	"led_fwhm_real": [16, 20, 28, 26, 23, 17, 97, 25, 29, 38, 71, 38 ],
	
	"sensor_serial": 4343,
	
	"multi_calibration": [[[-0.039766397702395075,1.0199529166236436,-0.003601521544662535],[-0.0194541604898505,1.0153609062526714,-0.0091086588769676569],[-0.056810234704378848,1.0419448945836487,-0.0010047439524351112],[-0.01625196204307042,1.0236858137638818,-0.00866392896911557],[-0.040418791460919423,1.0416121178218516,-0.0026147059500843633],[-0.01864470552931222,1.0190909509974777,-0.01028303833645056],[0.00680531999281305,1.0132447364549393,-0.0089688233759840311],[0.015084003490367176,0.99597407589580089,-0.011485322681763907],[0.006513333391129833,1.0072552263080148,-0.013239603077567995],[-0.011277521017467474,1.0182697928773028,-0.0070398267378054174],[0.014263508818508025,1.0009654735175408,-0.010883519670111355],[-0.010328851639408674,1.0193168397679646,-0.015983416479406248]]],

	"channel_mask": [[1,0,0,0,0,0,0,0,0,1],[0,1,0,0,0,0,0,0,0,0],[0,0,1,1,0,0,0,0,0,1],[0,0,0,0,1,0,0,0,0,1],[0,0,0,0,0,1,0,0,0,1],[0,0,0,0,0,0,1,0,0,1],[0,0,0,0,0,0,0,1,0,0],[0,0,0,0,0,0,0,0,0,1],[0,0,0,0,0,0,0,0,0,1],[0,0,0,0,0,0,0,0,0,1],[0,0,0,0,0,0,0,0,1,1],[0,0,0,0,0,0,0,0,1,1]]
}