{
	"led_order" : [0,1,2,3,4,5,6,7,8,9,10,11],
	
	"led_current": 20,
	
	"supported_led_currents": {"min":20,"max":60,"step":1},
	
	"integration_time": 500,
	
	"gain": 1,
	
	"i_scale": [106,19,10,25,24,16,8,527,40,127,50,44],
	
	"auto_exposure_done": "2025-09-03T09:53:16.726Z",
	
	"integration_times": [636,144,60,150,144,96,78,3152,240,760,300,264],
	
	"led_currents": [20,40,20,20,20,40,20,20,20,20,20,20],
	
	"gains": [8,8,4,4,4,8,4,4,2,2,2,4],
	
	"led_wl_nom": [394,445,459,490,517,590,680,700,750,770,800,850],
	
	"led_wl_real": [394,446,458,494,517,593,684,699,753,773,803,851],
	
	"led_fwhm_real": [18,23,24,32,30,106,24,95,24,31,29,36],
	
	"sensor_serial": 6565,
	
	"multi_calibration": [[[0.0051033211893353808,0.95820919885850353,0.00030844012324064739],[-0.0068365446779500788,0.99622132305186462,-0.0067702013894257564],[-0.029762285018307778,1.0159690166667752,0.00063377236221038148],[-0.015547650492936065,0.99539733100121142,0.00015447236516641637],[-0.01362167862002674,1.0146099547696563,-0.0062585303929172022],[-0.0070120507395417175,1.0073372453667302,-0.0055743428031046092],[0.022393336461661091,0.99651107277431694,-0.011175448504728061],[-0.039876900240769009,1.0684719590042637,-0.011856865810118555],[-0.029678164340341161,1.0373201813141915,-0.0064061615418349351],[0.01370028344078591,1.006189346718906,-0.019707401856266991],[-0.05670936380731887,1.0578909397298257,-0.0092396946231346356],[-0.05658691441707224,1.0493199144160428,-0.0004284214248172826]]],

	"channel_mask": [[1,0,0,0,0,0,0,0,0,1],[0,1,0,0,0,0,0,0,0,0],[0,1,0,0,0,0,0,0,0,1],[0,0,1,0,0,0,0,0,0,1],[0,0,0,1,0,0,0,0,0,1],[0,0,0,0,1,1,1,0,0,0],[0,0,0,0,0,0,0,1,0,1],[0,0,0,0,0,0,0,1,0,0],[0,0,0,0,0,0,0,0,0,1],[0,0,0,0,0,0,0,0,0,1],[0,0,0,0,0,0,0,0,0,1],[0,0,0,0,0,0,0,0,0,1]]
}