{
	"led_order" : [0,1,2,3,4,5,6,7,8,9,10,11],
	
	"led_current": 15,
	
	"integration_time": 500,
	
	"gain": 2,
	
	"i_scale": [12,4,4,742,27,3,127,4,6,7,43,16],
	
	"auto_exposure_done": "2025-09-03T09:07:39.920Z",
	
	"integration_times": [286,212,212,2474,331,100,930,162,268,271,429,348],
	
	"led_currents": [20,20,20,30,30,20,20,20,20,20,30,30],
	
	"gains": [8,8,8,32,8,8,16,8,8,8,8,8],
	
	"led_wl_nom": [394,445,490,558,592,640,700,750,800,849,890,950],
	
	"led_wl_real": [395,444,498,560,602,637,700,747,805,851,896,948],
	
	"led_fwhm_real": [17,21,33,23,20,20,99,26,29,38,72,26],	
	
	"sensor_serial": 6654,
	
	"multi_calibration":[[[-0.0091047704172165667,1.0001760195535372,-0.00365852335676818],[-0.017613752482133406,1.0166001854832394,-0.008173814828309171],[-0.016493248891916654,1.0034884950998357,-0.00093833957242237746],[-0.022365781405886923,1.0288429474480214,-0.00827603862212665],[-0.025860801146533937,1.0319708771062832,-0.00722053830386624],[0.011564065491508364,0.99888387034961335,-0.010724693420646879],[-0.035352189217608319,1.0536442646473823,-0.010568647883905739],[0.0097903778013492,1.0082454387415438,-0.014270817371025027],[-0.0094591701085248274,1.0256577108382134,-0.01309793109031831],[-0.056839306380791516,1.061892953370499,-0.0073610727700897331],[-0.046589322479890477,1.0463641162790156,-0.0038031089767528821],[-0.011412814670384462,1.0180299358777276,-0.0137503188357417]]],
	
	"channel_mask": [[1,0,0,0,0,0,0,0,0,1],[0,1,0,0,0,0,0,0,0,0],[0,0,1,1,0,0,0,0,0,1],[0,0,0,0,1,0,0,0,0,1],[0,0,0,0,0,1,0,0,0,1],[0,0,0,0,0,0,1,0,0,1],[0,0,0,0,0,0,0,1,0,0],[0,0,0,0,0,0,0,0,0,1],[0,0,0,0,0,0,0,0,0,1],[0,0,0,0,0,0,0,0,0,1],[0,0,0,0,0,0,0,0,1,1],[0,0,0,0,0,0,0,0,1,1]]
}

 