{
	"led_order" : [0,1,2,3,4,5,6,7,8,9,10,11],
	
	"led_current": 20,
	
	"supported_led_currents": {"min":20,"max":60,"step":1},
	
	"integration_time": 500,
	
	"gain": 1,
	
	"i_scale": [79,24,12,24,21,14,8,578,28,124,28,52],
	
	"auto_exposure_done": "2025-09-04T14:59:31.108Z",
	
	"integration_times": [604,204,122,194,126,134,98,3456,168,744,168,312],
	
	"led_currents": [20,40,20,20,20,40,20,20,20,20,20,20],
	
	"gains": [8,8,4,4,4,8,4,8,2,2,2,4],
	
	"led_wl_nom": [394,445,459,490,517,590,680,700,750,770,800,850],
	
	"led_wl_real": [394,447,458,494,517,594,684,699,752,773,809,851],
	
	"led_fwhm_real": [15,22,22,32,31,103,24,96,24,30,31,37],
	
	"sensor_wl": [415,445,480,515,555,590,630,680,910,0],
	
	"sensor_fwhm_nom": [26,30,36,39,39,40,50,52,null,null],

	"channel_wl_real": [394,447,458,494,517,555,590,630,684,699,752,773,809,851],
	
	"channel_fwhm_real": [15,22,22,32,31,39,40,50,24,96,24,30,31,37],
	
	"sensor_serial": 8330,
	
	"multi_calibration": [[[-0.0347391054,1.0054506312,-0.0020048886],[-0.023064102,1.019755645,-0.0075534965],[-0.0080253767,1.0035316522,-0.0048687985],[0.0025440117,0.9878041483,0.0012691284],[0.0089691147,0.9980813152,-0.0051703443],[-0.0049147031,1.0014534906,-0.0019080673],[-0.0067414263,1.0039425023,-0.001911777],[-0.0029213068,1.0018815257,-0.0032673089],[-0.0127061386,1.0191317602,-0.008388338],[-0.0369416128,1.0559752242,-0.0073669861],[-0.0439029401,1.0445003329,-0.0049197009],[-0.0396658642,1.0454613988,-0.0124664336],[-0.0716926648,1.0687174066,-0.0027055511],[-0.0840527218,1.07874375,-0.0032194626]]],
	
	"channel_mask": [[1,0,0,0,0,0,0,0,0,1],[0,1,0,0,0,0,0,0,0,0],[0,1,0,0,0,0,0,0,0,1],[0,0,1,0,0,0,0,0,0,1],[0,0,0,1,0,0,0,0,0,1],[0,0,0,0,2,3,4,0,0,0],[0,0,0,0,0,0,0,1,0,1],[0,0,0,0,0,0,0,1,0,0],[0,0,0,0,0,0,0,0,0,1],[0,0,0,0,0,0,0,0,0,1],[0,0,0,0,0,0,0,0,0,1],[0,0,0,0,0,0,0,0,0,1]],
	
	"valid_vi": ["ARI","ARI2","BGI1","BGI2","BRI1","BRI2","CAR","CARgreen","CARrededge","CCI","CI","CRI1","CRI2","Ctr2","Ctr3","Ctr4","Datt2","Datt3","Datt4","Datt5","Datt6","DI","DRIpri","DVI","DWSI4","EVI","EVI2","FR","FR2","GCIa","GCIb","GI","GLI","GM1","GM2","GNDVI.800.550.","GR","GRVI","LCI","Lic1","Lic2","Lic3","MCARI.OSAVI750","MCARI1","MCARI2","MCARI705","MCARI710","MGRVI","mNDI","MSAVI","MSAVI1","mSRI1","mSRI2","MSRNir.Red","MTCI","MTVI","MTVI.MSAVI","MTVI2","NBNDVI","NDI","NDRE","NDVI","NDVI1.760..708.","NDVI2.800..600.","NDVI3.780..550.","NDVI4.800..700.","NDVIg","NGRDI","NVI1","OSAVI","PMI","PRI","PRI570","PRIm2","PRIm3","PRIm4","PSND.800..635.","PSNDa1","PSNDc1","PSRI","PSSRa","PSSRa1","PSSRb","PSSRb1","PSSRc1","R.M","R675.700.650","RARS","RDVI","reNDVI","RGI","RGR1","RGR2","RVI","RVI1","RVI2","SAVI","SBRI","SIPI1","SIPI2","SR.520.670.","SR.520.760.","SR.542.750.","SR.550.670.","SR.550.760.","SR.550.800.","SR.556.750.","SR.560.658.","SR.570.670.","SR.605.670.","SR.672.550.708.","SR.672.708.","SR.674.553.","SR.675.555.","SR.675.700.","SR.675.705.","SR.678.750.","SR.683.510.","SR.685.735.","SR.694.840.","SR.695.800.","SR.700.","SR.706.750.","SR.750.705.","SR.752.690.","SR.760.695.","SR.774.677.","SR.800.550.","SR.800.600.","SR.801.550.","SR.810.560.","SR.833.658.","SR.860.550.","SR.860.708.","TGI1","TGI2","TVI2","TVI1","VARI","VARIgreen","VIopt1","VIopt2","WDRVIa","WDRVIb","WDRVIc"]
}