LabelName;LabelNumber;ARI1;ARI2;CI;CRI1;CRI2;Datt6;DWSI4;GI;GM1;GM2;LIC1;NDI;NDVI;NDVI4;NDVIg;PSNDa1;PSNDc1;PSSRa1;PSSRc1;RDVI;RGI;RGR;RVI;RVI2;SAVI;SIPI1;SR.550.800.;SR.556.750.;SR.605.670.;SR.555.675.;SR.683.510.;SR.694.840.;SR.695.800.;SR.750.705.;SR.752.690.;SR.800.600.;SR.800.960.;SR.810.560.;WBI3
data#2025-2-20_11-57-59_dataFiles#S0001_20250219_234134_Target_c3f28a94-fa54-4049-8053-737d770c5a1d_R0001;1;-1.6149664373083967295;-1.5137349653371459102;1.1853013942384300616;1.4236687119327717799;-0.19129772537562494961;-0.41200588050809255902;-3.6069827853392020245;-3.6069827853392020245;-0.32861298896578017281;1.1853013942384300616;0.084735599720085805209;0.084735599720085805209;0.084735599720085805209;0.084735599720085805209;-1.9789077940592780802;0.084735599720085805209;0.0029186435617075266909;1.1851609211374793951;1.005854373954264469;0.11139408472619555246;-0.27724002567036359901;-3.6069827853392020245;1.1851609211374793951;1.1782629293327184783;0.098581778314864199064;6.4293416200142257111;-3.0434540331260127033;-3.0434540331260127033;1.1343473956401251002;-3.6069827853392020245;0.84870700342437699337;0.85083137604359659889;0.84376727427042741425;1.1853013942384300616;1.1853013942384300616;1.0447953825191971244;1.0628200211150229393;-0.32857404419966657061;1.0563182175712499955
